id_beneficiaire;region;zone;genre;activite_principale;montant_pret_fcfa;revenu_avant_fcfa;revenu_apres_fcfa;variation_revenu_pct;taux_remboursement_pct;defaut_flag;score_risque;profil_accompagnement;action_terrain
BEN-0001;Vallee du Bandama;Semi-urbain;Femme;Commerce;296000;163400.0;125400;6.9;75.2;0;39.3;STABLE : Profil Ambassadeur (Prêt relais recommandé);FIDÉLISATION : Proposer extension de prêt
BEN-0002;Cavally;Semi-urbain;Femme;Artisanat;244000;87300.0;80300;-8.0;65.7;1;55.4;VULNÉRABLE : Renforcement capacités (Faible impact);FORMATION : Inscription module gestion
BEN-0003;Cavally;Urbain;Homme;Artisanat;353000;124400.0;194700;56.5;64.4;0;31.6;STABLE : Profil Ambassadeur (Prêt relais recommandé);FIDÉLISATION : Proposer extension de prêt
BEN-0004;Zanzan;Rural;Homme;Transformation;489000;125100.0;151400;21.0;49.6;1;77.2;ALERTE : Tutorat obligatoire (Risque élevé);URGENT : Visite de contrôle sous 48h
BEN-0005;Zanzan;Urbain;Femme;Artisanat;586000;269600.0;363000;34.6;100.0;0;61.3;ALERTE : Tutorat obligatoire (Risque élevé);URGENT : Visite de contrôle sous 48h
BEN-0006;Vallee du Bandama;Semi-urbain;Femme;Agriculture;277000;78700.0;104000;32.1;94.1;0;18.8;STABLE : Profil Ambassadeur (Prêt relais recommandé);FIDÉLISATION : Proposer extension de prêt
BEN-0007;Belier;Urbain;Femme;Agriculture;244000;228600.0;354000;54.9;100.0;1;64.7;ALERTE : Tutorat obligatoire (Risque élevé);URGENT : Visite de contrôle sous 48h
BEN-0008;Zanzan;Semi-urbain;Femme;Elevage;441000;130100.0;301400;46.4;75.6;0;31.4;STABLE : Profil Ambassadeur (Prêt relais recommandé);FIDÉLISATION : Proposer extension de prêt
BEN-0009;Cavally;Urbain;Femme;Commerce;585000;386700.0;468400;21.1;86.3;1;61.0;ALERTE : Tutorat obligatoire (Risque élevé);URGENT : Visite de contrôle sous 48h
BEN-0010;Marahoue;Semi-urbain;Femme;Agriculture;355000;139300.0;180100;29.3;76.4;0;22.1;STABLE : Profil Ambassadeur (Prêt relais recommandé);FIDÉLISATION : Proposer extension de prêt
BEN-0011;Zanzan;Rural;Femme;Agriculture;723000;190500.0;191800;0.7;100.0;1;37.8;STABLE : Profil Ambassadeur (Prêt relais recommandé);FIDÉLISATION : Proposer extension de prêt
BEN-0012;Marahoue;Rural;Homme;Commerce;240000;79500.0;80900;1.8;61.2;0;45.5;VULNÉRABLE : Renforcement capacités (Faible impact);FORMATION : Inscription module gestion
BEN-0013;Vallee du Bandama;Semi-urbain;Femme;Artisanat;435000;206000.0;251500;22.1;100.0;0;26.8;STABLE : Profil Ambassadeur (Prêt relais recommandé);FIDÉLISATION : Proposer extension de prêt
BEN-0014;Marahoue;Urbain;Homme;Artisanat;313000;229100.0;364800;59.2;89.3;0;59.1;SUIVI : Coaching gestion (Bon impact mais risqué);SUIVI : Coaching mensuel
BEN-0015;Vallee du Bandama;Rural;Homme;Agriculture;938000;498700.0;598000;19.9;95.1;0;73.1;ALERTE : Tutorat obligatoire (Risque élevé);URGENT : Visite de contrôle sous 48h
BEN-0016;Zanzan;Rural;Femme;Elevage;192000;122800.0;158700;29.2;95.7;1;45.5;SUIVI : Coaching gestion (Bon impact mais risqué);SUIVI : Coaching mensuel
BEN-0017;Belier;Rural;Femme;Services;72000;88200.0;94800;7.5;90.8;1;51.8;VULNÉRABLE : Renforcement capacités (Faible impact);FORMATION : Inscription module gestion
BEN-0018;Cavally;Rural;Femme;Artisanat;290000;156600.0;168800;7.8;100.0;0;22.4;STABLE : Profil Ambassadeur (Prêt relais recommandé);FIDÉLISATION : Proposer extension de prêt
BEN-0019;Zanzan;Rural;Femme;Services;253000;126500.0;157300;24.3;59.3;1;47.9;SUIVI : Coaching gestion (Bon impact mais risqué);SUIVI : Coaching mensuel
BEN-0020;Vallee du Bandama;Rural;Femme;Agriculture;356000;122100.0;130400;6.8;95.5;0;42.3;VULNÉRABLE : Renforcement capacités (Faible impact);FORMATION : Inscription module gestion
BEN-0021;Belier;Semi-urbain;Femme;Commerce;200000;134500.0;178800;32.9;100.0;0;51.7;SUIVI : Coaching gestion (Bon impact mais risqué);SUIVI : Coaching mensuel
BEN-0022;Cavally;Rural;Homme;Services;302000;122700.0;157100;28.0;90.8;1;63.5;ALERTE : Tutorat obligatoire (Risque élevé);URGENT : Visite de contrôle sous 48h
BEN-0023;Zanzan;Rural;Femme;Artisanat;327000;265700.0;368000;38.5;96.1;0;55.3;SUIVI : Coaching gestion (Bon impact mais risqué);SUIVI : Coaching mensuel
BEN-0024;Vallee du Bandama;Urbain;Femme;Agriculture;437000;147800.0;205100;38.8;100.0;1;31.0;STABLE : Profil Ambassadeur (Prêt relais recommandé);FIDÉLISATION : Proposer extension de prêt
BEN-0025;Cavally;Semi-urbain;Homme;Elevage;506000;166100.0;220500;32.8;82.2;0;33.9;STABLE : Profil Ambassadeur (Prêt relais recommandé);FIDÉLISATION : Proposer extension de prêt
BEN-0026;Cavally;Rural;Homme;Elevage;279000;214100.0;267300;24.8;84.3;0;45.2;SUIVI : Coaching gestion (Bon impact mais risqué);SUIVI : Coaching mensuel
BEN-0027;Vallee du Bandama;Semi-urbain;Femme;Elevage;278000;121800.0;160500;31.8;100.0;0;39.0;STABLE : Profil Ambassadeur (Prêt relais recommandé);FIDÉLISATION : Proposer extension de prêt
BEN-0028;Belier;Rural;Homme;Agriculture;276000;89400.0;104700;17.1;97.0;1;32.2;STABLE : Profil Ambassadeur (Prêt relais recommandé);FIDÉLISATION : Proposer extension de prêt
BEN-0029;Vallee du Bandama;Rural;Femme;Elevage;320000;287100.0;233600;-18.6;100.0;0;44.5;VULNÉRABLE : Renforcement capacités (Faible impact);FORMATION : Inscription module gestion
BEN-0030;Vallee du Bandama;Rural;Homme;Agriculture;307000;94000.0;96400;2.6;90.7;0;26.1;STABLE : Profil Ambassadeur (Prêt relais recommandé);FIDÉLISATION : Proposer extension de prêt
BEN-0031;Zanzan;Urbain;Femme;Commerce;151000;99200.0;114600;15.5;79.2;0;40.6;SUIVI : Coaching gestion (Bon impact mais risqué);SUIVI : Coaching mensuel
BEN-0032;Cavally;Semi-urbain;Femme;Commerce;304000;163400.0;241200;11.2;100.0;1;43.6;SUIVI : Coaching gestion (Bon impact mais risqué);SUIVI : Coaching mensuel
BEN-0033;Belier;Rural;Homme;Services;493000;87300.0;89300;2.3;93.6;0;66.1;ALERTE : Tutorat obligatoire (Risque élevé);URGENT : Visite de contrôle sous 48h
BEN-0034;Marahoue;Semi-urbain;Femme;Artisanat;250000;69000.0;91700;32.9;74.3;1;45.2;SUIVI : Coaching gestion (Bon impact mais risqué);SUIVI : Coaching mensuel
BEN-0035;Vallee du Bandama;Semi-urbain;Femme;Agriculture;103000;101800.0;145600;43.0;100.0;0;26.6;STABLE : Profil Ambassadeur (Prêt relais recommandé);FIDÉLISATION : Proposer extension de prêt
BEN-0036;Zanzan;Urbain;Homme;Services;288000;228000.0;331000;45.2;82.9;0;35.1;STABLE : Profil Ambassadeur (Prêt relais recommandé);FIDÉLISATION : Proposer extension de prêt
BEN-0037;Zanzan;Semi-urbain;Femme;Artisanat;124000;138000.0;149100;8.0;100.0;0;44.5;VULNÉRABLE : Renforcement capacités (Faible impact);FORMATION : Inscription module gestion
BEN-0038;Marahoue;Urbain;Femme;Services;342000;129800.0;160600;23.7;78.3;0;42.8;SUIVI : Coaching gestion (Bon impact mais risqué);SUIVI : Coaching mensuel
BEN-0039;Cavally;Semi-urbain;Homme;Services;196000;437400.0;469400;7.3;67.0;1;61.7;ALERTE : Tutorat obligatoire (Risque élevé);URGENT : Visite de contrôle sous 48h
BEN-0040;Zanzan;Semi-urbain;Homme;Transformation;52000;202800.0;298900;47.4;100.0;1;64.9;ALERTE : Tutorat obligatoire (Risque élevé);URGENT : Visite de contrôle sous 48h
BEN-0041;Cavally;Rural;Femme;Agriculture;464000;137550.0;196200;26.6;76.4;1;47.7;SUIVI : Coaching gestion (Bon impact mais risqué);SUIVI : Coaching mensuel
BEN-0042;Zanzan;Urbain;Femme;Artisanat;411000;118700.0;129200;8.8;68.2;0;22.3;STABLE : Profil Ambassadeur (Prêt relais recommandé);FIDÉLISATION : Proposer extension de prêt
BEN-0043;Marahoue;Rural;Femme;Services;181000;138700.0;146600;5.7;80.2;1;52.8;VULNÉRABLE : Renforcement capacités (Faible impact);FORMATION : Inscription module gestion
BEN-0044;Cavally;Urbain;Homme;Agriculture;202000;137550.0;288100;37.9;68.4;0;59.7;SUIVI : Coaching gestion (Bon impact mais risqué);SUIVI : Coaching mensuel
BEN-0045;Zanzan;Rural;Femme;Agriculture;238000;47500.0;56300;18.5;100.0;0;46.7;SUIVI : Coaching gestion (Bon impact mais risqué);SUIVI : Coaching mensuel
BEN-0046;Marahoue;Semi-urbain;Femme;Commerce;119000;250100.0;305300;22.1;100.0;1;51.8;SUIVI : Coaching gestion (Bon impact mais risqué);SUIVI : Coaching mensuel
BEN-0047;Vallee du Bandama;Urbain;Femme;Artisanat;227000;164800.0;238800;44.9;81.2;1;50.0;SUIVI : Coaching gestion (Bon impact mais risqué);SUIVI : Coaching mensuel
BEN-0048;Zanzan;Urbain;Femme;Commerce;272000;169200.0;236400;39.7;47.2;1;46.4;SUIVI : Coaching gestion (Bon impact mais risqué);SUIVI : Coaching mensuel
BEN-0049;Vallee du Bandama;Rural;Femme;Commerce;444000;209500.0;287700;37.3;100.0;1;27.4;STABLE : Profil Ambassadeur (Prêt relais recommandé);FIDÉLISATION : Proposer extension de prêt
BEN-0050;Belier;Urbain;Homme;Commerce;233000;171900.0;204100;18.7;84.2;0;39.8;STABLE : Profil Ambassadeur (Prêt relais recommandé);FIDÉLISATION : Proposer extension de prêt
BEN-0051;Belier;Urbain;Femme;Artisanat;102000;89700.0;108400;20.8;99.7;0;50.8;SUIVI : Coaching gestion (Bon impact mais risqué);SUIVI : Coaching mensuel
BEN-0052;Cavally;Semi-urbain;Femme;Artisanat;249000;255900.0;286700;12.0;62.7;1;57.9;SUIVI : Coaching gestion (Bon impact mais risqué);SUIVI : Coaching mensuel
BEN-0053;Vallee du Bandama;Rural;Homme;Services;298000;288500.0;350400;21.5;96.6;0;42.0;SUIVI : Coaching gestion (Bon impact mais risqué);SUIVI : Coaching mensuel
BEN-0054;Zanzan;Urbain;Homme;Services;292000;123800.0;181000;46.2;83.0;1;40.5;SUIVI : Coaching gestion (Bon impact mais risqué);SUIVI : Coaching mensuel
BEN-0055;Vallee du Bandama;Semi-urbain;Femme;Transformation;341000;126200.0;171800;36.1;82.1;1;62.3;ALERTE : Tutorat obligatoire (Risque élevé);URGENT : Visite de contrôle sous 48h
BEN-0056;Cavally;Urbain;Homme;Commerce;295000;100000.0;91300;-8.7;92.1;0;45.9;VULNÉRABLE : Renforcement capacités (Faible impact);FORMATION : Inscription module gestion
BEN-0057;Cavally;Semi-urbain;Femme;Transformation;281000;359300.0;573900;59.7;86.0;0;67.8;ALERTE : Tutorat obligatoire (Risque élevé);URGENT : Visite de contrôle sous 48h
BEN-0058;Vallee du Bandama;Semi-urbain;Femme;Agriculture;106000;114000.0;185900;63.1;100.0;0;49.0;SUIVI : Coaching gestion (Bon impact mais risqué);SUIVI : Coaching mensuel
BEN-0059;Cavally;Semi-urbain;Femme;Commerce;70000;185200.0;197400;6.6;79.7;1;43.6;VULNÉRABLE : Renforcement capacités (Faible impact);FORMATION : Inscription module gestion
BEN-0060;Zanzan;Semi-urbain;Femme;Commerce;296000;107100.0;148300;38.5;86.4;0;38.4;STABLE : Profil Ambassadeur (Prêt relais recommandé);FIDÉLISATION : Proposer extension de prêt
BEN-0061;Vallee du Bandama;Rural;Homme;Agriculture;187000;201800.0;258100;27.9;91.6;1;29.4;STABLE : Profil Ambassadeur (Prêt relais recommandé);FIDÉLISATION : Proposer extension de prêt
BEN-0062;Belier;Rural;Femme;Commerce;88000;163400.0;140400;-8.6;90.8;1;54.3;VULNÉRABLE : Renforcement capacités (Faible impact);FORMATION : Inscription module gestion
BEN-0063;Zanzan;Rural;Femme;Elevage;139000;294600.0;371400;26.1;100.0;1;58.5;SUIVI : Coaching gestion (Bon impact mais risqué);SUIVI : Coaching mensuel
BEN-0064;Cavally;Semi-urbain;Femme;Agriculture;217000;69100.0;88400;27.9;100.0;1;33.3;STABLE : Profil Ambassadeur (Prêt relais recommandé);FIDÉLISATION : Proposer extension de prêt
BEN-0065;Belier;Rural;Femme;Commerce;708000;56300.0;71200;26.5;90.8;1;62.3;ALERTE : Tutorat obligatoire (Risque élevé);URGENT : Visite de contrôle sous 48h
BEN-0066;Cavally;Rural;Femme;Services;292000;155500.0;198800;27.8;78.1;0;60.2;ALERTE : Tutorat obligatoire (Risque élevé);URGENT : Visite de contrôle sous 48h
BEN-0067;Cavally;Rural;Femme;Agriculture;471000;105800.0;116500;10.1;68.7;0;59.0;SUIVI : Coaching gestion (Bon impact mais risqué);SUIVI : Coaching mensuel
BEN-0068;Vallee du Bandama;Semi-urbain;Femme;Agriculture;664000;107600.0;153600;42.8;99.1;0;51.6;SUIVI : Coaching gestion (Bon impact mais risqué);SUIVI : Coaching mensuel
BEN-0069;Zanzan;Rural;Femme;Commerce;471000;82300.0;96200;16.9;94.0;1;47.5;SUIVI : Coaching gestion (Bon impact mais risqué);SUIVI : Coaching mensuel
BEN-0070;Belier;Urbain;Femme;Agriculture;307000;170300.0;210400;23.5;91.8;1;58.8;SUIVI : Coaching gestion (Bon impact mais risqué);SUIVI : Coaching mensuel
BEN-0071;Belier;Rural;Femme;Commerce;606000;79200.0;108200;36.6;69.5;0;50.1;SUIVI : Coaching gestion (Bon impact mais risqué);SUIVI : Coaching mensuel
BEN-0072;Zanzan;Semi-urbain;Femme;Artisanat;497000;119200.0;137000;14.9;94.6;0;41.1;SUIVI : Coaching gestion (Bon impact mais risqué);SUIVI : Coaching mensuel
BEN-0073;Belier;Rural;Homme;Commerce;555000;134100.0;154600;15.3;59.0;1;53.7;SUIVI : Coaching gestion (Bon impact mais risqué);SUIVI : Coaching mensuel
BEN-0074;Marahoue;Rural;Femme;Artisanat;216000;23100.0;32800;42.0;85.1;1;52.3;SUIVI : Coaching gestion (Bon impact mais risqué);SUIVI : Coaching mensuel
BEN-0075;Marahoue;Semi-urbain;Homme;Commerce;481000;90400.0;94400;4.4;100.0;0;58.7;VULNÉRABLE : Renforcement capacités (Faible impact);FORMATION : Inscription module gestion
BEN-0076;Zanzan;Rural;Femme;Services;285000;139000.0;120700;-13.2;90.8;0;48.8;VULNÉRABLE : Renforcement capacités (Faible impact);FORMATION : Inscription module gestion
BEN-0077;Vallee du Bandama;Rural;Femme;Commerce;514000;234500.0;220600;-5.9;100.0;1;60.2;ALERTE : Tutorat obligatoire (Risque élevé);URGENT : Visite de contrôle sous 48h
BEN-0078;Marahoue;Semi-urbain;Homme;Elevage;146000;131500.0;166600;26.7;100.0;1;32.9;STABLE : Profil Ambassadeur (Prêt relais recommandé);FIDÉLISATION : Proposer extension de prêt
BEN-0079;Vallee du Bandama;Rural;Femme;Artisanat;116000;107600.0;144000;33.8;90.3;1;32.1;STABLE : Profil Ambassadeur (Prêt relais recommandé);FIDÉLISATION : Proposer extension de prêt
BEN-0080;Vallee du Bandama;Urbain;Homme;Artisanat;726000;135500.0;160200;18.2;78.1;0;37.4;STABLE : Profil Ambassadeur (Prêt relais recommandé);FIDÉLISATION : Proposer extension de prêt
BEN-0081;Marahoue;Semi-urbain;Femme;Commerce;277000;164800.0;195600;18.7;83.6;0;30.5;STABLE : Profil Ambassadeur (Prêt relais recommandé);FIDÉLISATION : Proposer extension de prêt
BEN-0082;Vallee du Bandama;Urbain;Homme;Commerce;298000;143000.0;215100;50.4;98.4;1;48.7;SUIVI : Coaching gestion (Bon impact mais risqué);SUIVI : Coaching mensuel
BEN-0083;Vallee du Bandama;Rural;Femme;Agriculture;919000;51800.0;52700;1.7;62.5;1;65.2;ALERTE : Tutorat obligatoire (Risque élevé);URGENT : Visite de contrôle sous 48h
BEN-0084;Zanzan;Semi-urbain;Homme;Agriculture;305000;137550.0;343800;32.8;93.8;1;51.7;SUIVI : Coaching gestion (Bon impact mais risqué);SUIVI : Coaching mensuel
BEN-0085;Vallee du Bandama;Urbain;Femme;Agriculture;422000;319800.0;443100;38.6;85.3;0;62.9;ALERTE : Tutorat obligatoire (Risque élevé);URGENT : Visite de contrôle sous 48h
BEN-0086;Zanzan;Urbain;Homme;Commerce;436000;349800.0;371100;6.1;86.1;1;65.4;ALERTE : Tutorat obligatoire (Risque élevé);URGENT : Visite de contrôle sous 48h
BEN-0087;Vallee du Bandama;Urbain;Femme;Agriculture;352000;232100.0;288600;24.3;81.4;1;58.3;SUIVI : Coaching gestion (Bon impact mais risqué);SUIVI : Coaching mensuel
BEN-0088;Vallee du Bandama;Rural;Homme;Agriculture;531000;137500.0;165600;20.4;92.7;0;64.5;ALERTE : Tutorat obligatoire (Risque élevé);URGENT : Visite de contrôle sous 48h
BEN-0089;Vallee du Bandama;Rural;Homme;Transformation;491000;148600.0;219700;23.2;92.8;1;45.7;SUIVI : Coaching gestion (Bon impact mais risqué);SUIVI : Coaching mensuel
BEN-0090;Vallee du Bandama;Rural;Femme;Agriculture;537000;69200.0;77000;11.3;90.3;0;54.6;SUIVI : Coaching gestion (Bon impact mais risqué);SUIVI : Coaching mensuel
BEN-0091;Vallee du Bandama;Semi-urbain;Femme;Artisanat;510000;39300.0;42300;7.6;66.9;0;47.8;VULNÉRABLE : Renforcement capacités (Faible impact);FORMATION : Inscription module gestion
BEN-0092;Vallee du Bandama;Rural;Femme;Agriculture;258000;137550.0;148500;31.9;98.5;0;46.3;SUIVI : Coaching gestion (Bon impact mais risqué);SUIVI : Coaching mensuel
BEN-0093;Marahoue;Rural;Femme;Commerce;509000;20100.0;28600;42.3;79.8;1;56.9;SUIVI : Coaching gestion (Bon impact mais risqué);SUIVI : Coaching mensuel
BEN-0094;Belier;Semi-urbain;Femme;Elevage;72000;120400.0;155500;29.2;90.4;1;29.4;STABLE : Profil Ambassadeur (Prêt relais recommandé);FIDÉLISATION : Proposer extension de prêt
BEN-0095;Zanzan;Semi-urbain;Femme;Agriculture;488000;131600.0;138900;5.5;100.0;0;51.4;VULNÉRABLE : Renforcement capacités (Faible impact);FORMATION : Inscription module gestion
BEN-0096;Vallee du Bandama;Urbain;Homme;Commerce;421000;429900.0;658500;53.2;100.0;1;67.1;ALERTE : Tutorat obligatoire (Risque élevé);URGENT : Visite de contrôle sous 48h
BEN-0097;Vallee du Bandama;Rural;Femme;Services;91000;112900.0;125700;11.3;90.3;1;38.8;STABLE : Profil Ambassadeur (Prêt relais recommandé);FIDÉLISATION : Proposer extension de prêt
BEN-0098;Belier;Rural;Homme;Commerce;263000;60400.0;75200;24.5;75.9;0;55.5;SUIVI : Coaching gestion (Bon impact mais risqué);SUIVI : Coaching mensuel
BEN-0099;Vallee du Bandama;Rural;Femme;Artisanat;195000;91100.0;139100;52.7;66.6;1;49.0;SUIVI : Coaching gestion (Bon impact mais risqué);SUIVI : Coaching mensuel
BEN-0100;Marahoue;Semi-urbain;Femme;Commerce;568000;145900.0;206900;41.8;75.2;0;32.3;STABLE : Profil Ambassadeur (Prêt relais recommandé);FIDÉLISATION : Proposer extension de prêt
BEN-0101;Zanzan;Semi-urbain;Homme;Commerce;333000;233000.0;261200;12.1;61.2;0;33.2;STABLE : Profil Ambassadeur (Prêt relais recommandé);FIDÉLISATION : Proposer extension de prêt
BEN-0102;Vallee du Bandama;Urbain;Femme;Commerce;158000;184300.0;316800;71.9;100.0;1;59.5;SUIVI : Coaching gestion (Bon impact mais risqué);SUIVI : Coaching mensuel
BEN-0103;Cavally;Urbain;Femme;Artisanat;309000;246100.0;403300;63.9;100.0;1;34.8;STABLE : Profil Ambassadeur (Prêt relais recommandé);FIDÉLISATION : Proposer extension de prêt
BEN-0104;Vallee du Bandama;Semi-urbain;Femme;Transformation;140000;142900.0;168400;17.8;85.4;0;59.6;SUIVI : Coaching gestion (Bon impact mais risqué);SUIVI : Coaching mensuel
BEN-0105;Vallee du Bandama;Semi-urbain;Homme;Services;552000;182200.0;255900;40.5;74.9;1;61.3;ALERTE : Tutorat obligatoire (Risque élevé);URGENT : Visite de contrôle sous 48h
BEN-0106;Cavally;Rural;Femme;Commerce;277000;65000.0;68500;5.4;69.3;1;51.3;VULNÉRABLE : Renforcement capacités (Faible impact);FORMATION : Inscription module gestion
BEN-0107;Cavally;Rural;Femme;Agriculture;472000;131400.0;153800;17.0;67.7;1;60.7;ALERTE : Tutorat obligatoire (Risque élevé);URGENT : Visite de contrôle sous 48h
BEN-0108;Vallee du Bandama;Semi-urbain;Homme;Agriculture;97000;214900.0;275700;28.3;100.0;1;34.5;STABLE : Profil Ambassadeur (Prêt relais recommandé);FIDÉLISATION : Proposer extension de prêt
BEN-0109;Vallee du Bandama;Urbain;Homme;Agriculture;32000;231000.0;275900;19.4;90.6;0;42.2;SUIVI : Coaching gestion (Bon impact mais risqué);SUIVI : Coaching mensuel
BEN-0110;Zanzan;Rural;Femme;Artisanat;188000;71100.0;87500;23.1;79.2;1;37.9;STABLE : Profil Ambassadeur (Prêt relais recommandé);FIDÉLISATION : Proposer extension de prêt
BEN-0111;Belier;Rural;Femme;Artisanat;634000;274300.0;320600;16.9;85.9;1;52.7;SUIVI : Coaching gestion (Bon impact mais risqué);SUIVI : Coaching mensuel
BEN-0112;Marahoue;Semi-urbain;Homme;Commerce;164000;246300.0;292300;18.7;100.0;0;31.8;STABLE : Profil Ambassadeur (Prêt relais recommandé);FIDÉLISATION : Proposer extension de prêt
BEN-0113;Belier;Urbain;Femme;Artisanat;186000;151800.0;205900;35.6;83.5;0;59.5;SUIVI : Coaching gestion (Bon impact mais risqué);SUIVI : Coaching mensuel
BEN-0114;Vallee du Bandama;Semi-urbain;Femme;Elevage;110000;99900.0;126800;26.9;93.9;0;27.7;STABLE : Profil Ambassadeur (Prêt relais recommandé);FIDÉLISATION : Proposer extension de prêt
BEN-0115;Belier;Rural;Femme;Services;282000;148900.0;213900;43.7;96.1;0;41.9;SUIVI : Coaching gestion (Bon impact mais risqué);SUIVI : Coaching mensuel
BEN-0116;Zanzan;Urbain;Homme;Services;140000;141600.0;173900;22.8;63.2;0;43.3;SUIVI : Coaching gestion (Bon impact mais risqué);SUIVI : Coaching mensuel
BEN-0117;Zanzan;Rural;Femme;Agriculture;213000;174500.0;206100;18.1;99.2;1;35.1;STABLE : Profil Ambassadeur (Prêt relais recommandé);FIDÉLISATION : Proposer extension de prêt
BEN-0118;Vallee du Bandama;Semi-urbain;Homme;Transformation;815000;151000.0;212900;41.0;100.0;0;70.5;ALERTE : Tutorat obligatoire (Risque élevé);URGENT : Visite de contrôle sous 48h
BEN-0119;Cavally;Semi-urbain;Homme;Agriculture;171000;97800.0;151000;54.4;100.0;0;45.2;SUIVI : Coaching gestion (Bon impact mais risqué);SUIVI : Coaching mensuel
BEN-0120;Vallee du Bandama;Rural;Femme;Agriculture;92000;65600.0;75200;14.6;100.0;0;23.7;STABLE : Profil Ambassadeur (Prêt relais recommandé);FIDÉLISATION : Proposer extension de prêt
BEN-0121;Vallee du Bandama;Urbain;Femme;Commerce;163000;283400.0;424800;49.9;65.3;1;52.2;SUIVI : Coaching gestion (Bon impact mais risqué);SUIVI : Coaching mensuel
BEN-0122;Belier;Semi-urbain;Homme;Services;719000;130900.0;174800;33.5;58.1;1;67.5;ALERTE : Tutorat obligatoire (Risque élevé);URGENT : Visite de contrôle sous 48h
BEN-0123;Belier;Semi-urbain;Femme;Services;662000;209800.0;253200;20.7;89.5;1;62.5;ALERTE : Tutorat obligatoire (Risque élevé);URGENT : Visite de contrôle sous 48h
BEN-0124;Vallee du Bandama;Semi-urbain;Femme;Commerce;310000;33500.0;48700;45.4;100.0;0;42.6;SUIVI : Coaching gestion (Bon impact mais risqué);SUIVI : Coaching mensuel
BEN-0125;Belier;Urbain;Femme;Commerce;683000;181800.0;187200;3.0;70.0;1;55.9;VULNÉRABLE : Renforcement capacités (Faible impact);FORMATION : Inscription module gestion
BEN-0126;Zanzan;Urbain;Homme;Agriculture;210000;193200.0;258600;33.9;100.0;0;36.4;STABLE : Profil Ambassadeur (Prêt relais recommandé);FIDÉLISATION : Proposer extension de prêt
BEN-0127;Zanzan;Urbain;Femme;Agriculture;128000;146400.0;162500;11.0;82.4;0;25.3;STABLE : Profil Ambassadeur (Prêt relais recommandé);FIDÉLISATION : Proposer extension de prêt
BEN-0128;Zanzan;Urbain;Femme;Commerce;334000;748200.0;1003000;34.1;100.0;1;80.1;ALERTE : Tutorat obligatoire (Risque élevé);URGENT : Visite de contrôle sous 48h
BEN-0129;Vallee du Bandama;Rural;Femme;Services;560000;16700.0;17900;7.2;79.7;0;41.7;VULNÉRABLE : Renforcement capacités (Faible impact);FORMATION : Inscription module gestion
BEN-0130;Cavally;Urbain;Homme;Agriculture;1007000;476200.0;547500;15.0;100.0;1;81.5;ALERTE : Tutorat obligatoire (Risque élevé);URGENT : Visite de contrôle sous 48h
BEN-0131;Zanzan;Rural;Femme;Services;187000;199000.0;196300;-1.4;79.0;1;52.6;VULNÉRABLE : Renforcement capacités (Faible impact);FORMATION : Inscription module gestion
BEN-0132;Zanzan;Urbain;Homme;Transformation;654000;87000.0;114700;31.8;100.0;0;63.5;ALERTE : Tutorat obligatoire (Risque élevé);URGENT : Visite de contrôle sous 48h
BEN-0133;Vallee du Bandama;Rural;Femme;Artisanat;388000;216700.0;356500;64.5;98.0;1;65.5;ALERTE : Tutorat obligatoire (Risque élevé);URGENT : Visite de contrôle sous 48h
BEN-0134;Zanzan;Rural;Homme;Commerce;311000;232400.0;307400;32.3;90.8;0;27.6;STABLE : Profil Ambassadeur (Prêt relais recommandé);FIDÉLISATION : Proposer extension de prêt
BEN-0135;Zanzan;Urbain;Femme;Commerce;324000;170400.0;187100;9.8;100.0;1;49.3;VULNÉRABLE : Renforcement capacités (Faible impact);FORMATION : Inscription module gestion
BEN-0136;Cavally;Semi-urbain;Homme;Agriculture;184000;126900.0;180200;42.0;98.8;0;21.0;STABLE : Profil Ambassadeur (Prêt relais recommandé);FIDÉLISATION : Proposer extension de prêt
BEN-0137;Vallee du Bandama;Urbain;Femme;Elevage;238000;84000.0;106700;27.0;98.8;0;36.5;STABLE : Profil Ambassadeur (Prêt relais recommandé);FIDÉLISATION : Proposer extension de prêt
BEN-0138;Marahoue;Rural;Homme;Artisanat;388000;87800.0;108200;23.2;99.8;1;54.9;SUIVI : Coaching gestion (Bon impact mais risqué);SUIVI : Coaching mensuel
BEN-0139;Zanzan;Urbain;Femme;Agriculture;601000;137550.0;183200;49.4;92.2;0;56.8;SUIVI : Coaching gestion (Bon impact mais risqué);SUIVI : Coaching mensuel
BEN-0140;Cavally;Urbain;Homme;Artisanat;128000;341000.0;413600;21.3;100.0;0;61.8;ALERTE : Tutorat obligatoire (Risque élevé);URGENT : Visite de contrôle sous 48h
BEN-0141;Belier;Semi-urbain;Homme;Artisanat;749000;143600.0;174800;21.7;98.7;1;34.9;STABLE : Profil Ambassadeur (Prêt relais recommandé);FIDÉLISATION : Proposer extension de prêt
BEN-0142;Vallee du Bandama;Semi-urbain;Femme;Commerce;604000;170900.0;249900;46.2;85.2;1;58.9;SUIVI : Coaching gestion (Bon impact mais risqué);SUIVI : Coaching mensuel
BEN-0143;Vallee du Bandama;Semi-urbain;Femme;Artisanat;305000;342500.0;331800;-3.1;100.0;0;42.1;VULNÉRABLE : Renforcement capacités (Faible impact);FORMATION : Inscription module gestion
BEN-0144;Vallee du Bandama;Semi-urbain;Femme;Commerce;296000;130500.0;201300;54.3;80.2;1;55.9;SUIVI : Coaching gestion (Bon impact mais risqué);SUIVI : Coaching mensuel
BEN-0145;Belier;Rural;Femme;Artisanat;532000;137600.0;163200;18.6;74.5;0;68.2;ALERTE : Tutorat obligatoire (Risque élevé);URGENT : Visite de contrôle sous 48h
BEN-0146;Vallee du Bandama;Semi-urbain;Homme;Commerce;262000;196000.0;288500;47.2;96.6;0;38.1;STABLE : Profil Ambassadeur (Prêt relais recommandé);FIDÉLISATION : Proposer extension de prêt
BEN-0147;Zanzan;Semi-urbain;Homme;Commerce;401000;254500.0;325200;27.8;83.6;1;50.4;SUIVI : Coaching gestion (Bon impact mais risqué);SUIVI : Coaching mensuel
BEN-0148;Zanzan;Rural;Homme;Elevage;182000;123100.0;145500;18.2;91.6;1;46.8;SUIVI : Coaching gestion (Bon impact mais risqué);SUIVI : Coaching mensuel
BEN-0149;Marahoue;Rural;Femme;Agriculture;897000;236900.0;297200;25.5;100.0;1;59.8;SUIVI : Coaching gestion (Bon impact mais risqué);SUIVI : Coaching mensuel
BEN-0150;Vallee du Bandama;Semi-urbain;Homme;Agriculture;76000;201300.0;275900;37.1;100.0;0;27.4;STABLE : Profil Ambassadeur (Prêt relais recommandé);FIDÉLISATION : Proposer extension de prêt
BEN-0151;Belier;Rural;Femme;Commerce;376000;119100.0;127300;6.9;74.5;0;34.9;STABLE : Profil Ambassadeur (Prêt relais recommandé);FIDÉLISATION : Proposer extension de prêt
BEN-0152;Belier;Semi-urbain;Homme;Commerce;768000;89600.0;84300;-5.9;71.3;1;52.3;VULNÉRABLE : Renforcement capacités (Faible impact);FORMATION : Inscription module gestion
BEN-0153;Vallee du Bandama;Semi-urbain;Homme;Agriculture;206000;279100.0;224300;-19.6;100.0;1;45.9;VULNÉRABLE : Renforcement capacités (Faible impact);FORMATION : Inscription module gestion
BEN-0154;Vallee du Bandama;Semi-urbain;Homme;Commerce;490000;150400.0;189000;25.7;86.9;1;53.1;SUIVI : Coaching gestion (Bon impact mais risqué);SUIVI : Coaching mensuel
BEN-0155;Marahoue;Rural;Homme;Services;491000;153600.0;169000;10.0;100.0;0;61.3;ALERTE : Tutorat obligatoire (Risque élevé);URGENT : Visite de contrôle sous 48h
BEN-0156;Vallee du Bandama;Semi-urbain;Homme;Elevage;555000;143500.0;174500;21.6;96.5;1;48.0;SUIVI : Coaching gestion (Bon impact mais risqué);SUIVI : Coaching mensuel
BEN-0157;Vallee du Bandama;Semi-urbain;Femme;Commerce;30000;115500.0;161000;39.4;79.3;0;39.2;STABLE : Profil Ambassadeur (Prêt relais recommandé);FIDÉLISATION : Proposer extension de prêt
BEN-0158;Marahoue;Urbain;Homme;Agriculture;78000;102100.0;70500;-31.0;98.3;0;33.9;STABLE : Profil Ambassadeur (Prêt relais recommandé);FIDÉLISATION : Proposer extension de prêt
BEN-0159;Marahoue;Rural;Femme;Commerce;293000;163400.0;175100;53.3;67.8;0;30.9;STABLE : Profil Ambassadeur (Prêt relais recommandé);FIDÉLISATION : Proposer extension de prêt
BEN-0160;Zanzan;Rural;Femme;Elevage;389000;226900.0;150000;-33.9;92.7;0;51.2;VULNÉRABLE : Renforcement capacités (Faible impact);FORMATION : Inscription module gestion
BEN-0161;Belier;Semi-urbain;Homme;Elevage;239000;107300.0;149100;39.0;95.6;1;47.4;SUIVI : Coaching gestion (Bon impact mais risqué);SUIVI : Coaching mensuel
BEN-0162;Zanzan;Semi-urbain;Femme;Commerce;216000;121000.0;189300;56.4;85.3;1;43.3;SUIVI : Coaching gestion (Bon impact mais risqué);SUIVI : Coaching mensuel
BEN-0163;Zanzan;Semi-urbain;Femme;Agriculture;252000;86600.0;123000;42.0;89.5;1;30.7;STABLE : Profil Ambassadeur (Prêt relais recommandé);FIDÉLISATION : Proposer extension de prêt
BEN-0164;Marahoue;Urbain;Femme;Commerce;626000;194500.0;240200;23.5;100.0;1;28.9;STABLE : Profil Ambassadeur (Prêt relais recommandé);FIDÉLISATION : Proposer extension de prêt
BEN-0165;Belier;Semi-urbain;Homme;Commerce;356000;161600.0;145000;-10.3;100.0;0;49.5;VULNÉRABLE : Renforcement capacités (Faible impact);FORMATION : Inscription module gestion
BEN-0166;Marahoue;Rural;Femme;Commerce;494000;139900.0;176300;26.0;96.4;0;50.2;SUIVI : Coaching gestion (Bon impact mais risqué);SUIVI : Coaching mensuel
BEN-0167;Zanzan;Rural;Femme;Agriculture;586000;110600.0;148700;34.4;55.1;1;42.6;SUIVI : Coaching gestion (Bon impact mais risqué);SUIVI : Coaching mensuel
BEN-0168;Marahoue;Urbain;Femme;Agriculture;262000;114100.0;163800;43.6;78.6;1;20.8;STABLE : Profil Ambassadeur (Prêt relais recommandé);FIDÉLISATION : Proposer extension de prêt
BEN-0169;Vallee du Bandama;Urbain;Femme;Commerce;181000;219900.0;209200;-4.9;100.0;0;48.3;VULNÉRABLE : Renforcement capacités (Faible impact);FORMATION : Inscription module gestion
BEN-0170;Marahoue;Rural;Femme;Artisanat;167000;152700.0;157100;2.9;100.0;1;35.6;STABLE : Profil Ambassadeur (Prêt relais recommandé);FIDÉLISATION : Proposer extension de prêt
BEN-0171;Zanzan;Rural;Femme;Artisanat;223000;128000.0;179500;40.2;89.4;1;50.0;SUIVI : Coaching gestion (Bon impact mais risqué);SUIVI : Coaching mensuel
BEN-0172;Vallee du Bandama;Rural;Femme;Transformation;540000;323700.0;407600;25.9;68.7;1;77.7;ALERTE : Tutorat obligatoire (Risque élevé);URGENT : Visite de contrôle sous 48h
BEN-0173;Zanzan;Semi-urbain;Femme;Commerce;150000;33600.0;49200;46.4;100.0;0;43.0;SUIVI : Coaching gestion (Bon impact mais risqué);SUIVI : Coaching mensuel
BEN-0174;Zanzan;Rural;Homme;Commerce;614000;163400.0;205900;37.7;73.1;1;45.9;SUIVI : Coaching gestion (Bon impact mais risqué);SUIVI : Coaching mensuel
BEN-0175;Belier;Semi-urbain;Femme;Services;1364000;346200.0;379100;9.5;100.0;1;78.3;ALERTE : Tutorat obligatoire (Risque élevé);URGENT : Visite de contrôle sous 48h
BEN-0176;Cavally;Semi-urbain;Homme;Commerce;249000;217300.0;268700;23.7;86.2;0;45.1;SUIVI : Coaching gestion (Bon impact mais risqué);SUIVI : Coaching mensuel
BEN-0177;Vallee du Bandama;Rural;Femme;Elevage;168000;118200.0;172000;45.5;79.8;1;39.7;STABLE : Profil Ambassadeur (Prêt relais recommandé);FIDÉLISATION : Proposer extension de prêt
BEN-0178;Marahoue;Urbain;Femme;Agriculture;183000;141800.0;212600;49.9;89.1;0;36.4;STABLE : Profil Ambassadeur (Prêt relais recommandé);FIDÉLISATION : Proposer extension de prêt
BEN-0179;Marahoue;Semi-urbain;Homme;Elevage;610000;92400.0;121000;31.0;82.4;1;53.7;SUIVI : Coaching gestion (Bon impact mais risqué);SUIVI : Coaching mensuel
BEN-0180;Cavally;Semi-urbain;Homme;Commerce;464000;167000.0;232200;39.0;100.0;0;60.7;ALERTE : Tutorat obligatoire (Risque élevé);URGENT : Visite de contrôle sous 48h
BEN-0181;Belier;Urbain;Homme;Commerce;751000;496000.0;711900;43.5;100.0;1;58.9;SUIVI : Coaching gestion (Bon impact mais risqué);SUIVI : Coaching mensuel
BEN-0182;Belier;Rural;Homme;Agriculture;172000;135200.0;189200;39.9;91.4;1;37.7;STABLE : Profil Ambassadeur (Prêt relais recommandé);FIDÉLISATION : Proposer extension de prêt
BEN-0183;Marahoue;Semi-urbain;Femme;Agriculture;419000;131200.0;124500;-5.1;83.9;0;49.4;VULNÉRABLE : Renforcement capacités (Faible impact);FORMATION : Inscription module gestion
BEN-0184;Vallee du Bandama;Urbain;Homme;Transformation;289000;154400.0;256100;65.9;100.0;0;43.5;SUIVI : Coaching gestion (Bon impact mais risqué);SUIVI : Coaching mensuel
BEN-0185;Belier;Semi-urbain;Femme;Commerce;276000;81400.0;81200;-0.2;97.9;0;41.5;VULNÉRABLE : Renforcement capacités (Faible impact);FORMATION : Inscription module gestion
BEN-0186;Zanzan;Urbain;Homme;Commerce;90000;340300.0;349100;2.6;86.1;1;56.2;VULNÉRABLE : Renforcement capacités (Faible impact);FORMATION : Inscription module gestion
BEN-0187;Cavally;Rural;Femme;Artisanat;334000;83500.0;85600;2.5;76.7;0;56.8;VULNÉRABLE : Renforcement capacités (Faible impact);FORMATION : Inscription module gestion
BEN-0188;Cavally;Semi-urbain;Femme;Services;376000;485900.0;586100;20.6;100.0;0;47.5;SUIVI : Coaching gestion (Bon impact mais risqué);SUIVI : Coaching mensuel
BEN-0189;Cavally;Rural;Femme;Commerce;309000;67700.0;77900;15.1;90.2;1;33.8;STABLE : Profil Ambassadeur (Prêt relais recommandé);FIDÉLISATION : Proposer extension de prêt
BEN-0190;Vallee du Bandama;Rural;Femme;Commerce;1185000;73900.0;55100;-25.4;83.5;0;72.3;ALERTE : Tutorat obligatoire (Risque élevé);URGENT : Visite de contrôle sous 48h
BEN-0191;Zanzan;Urbain;Homme;Commerce;554000;193600.0;222100;14.7;70.7;1;48.5;SUIVI : Coaching gestion (Bon impact mais risqué);SUIVI : Coaching mensuel
BEN-0192;Marahoue;Rural;Femme;Agriculture;302000;213000.0;311300;46.2;100.0;1;35.3;STABLE : Profil Ambassadeur (Prêt relais recommandé);FIDÉLISATION : Proposer extension de prêt
BEN-0193;Zanzan;Urbain;Homme;Agriculture;232000;137550.0;211600;30.2;96.7;0;22.9;STABLE : Profil Ambassadeur (Prêt relais recommandé);FIDÉLISATION : Proposer extension de prêt
BEN-0194;Vallee du Bandama;Urbain;Femme;Artisanat;514000;203200.0;258000;27.0;98.5;1;56.7;SUIVI : Coaching gestion (Bon impact mais risqué);SUIVI : Coaching mensuel
BEN-0195;Belier;Urbain;Femme;Artisanat;453000;202300.0;309400;52.9;93.1;0;36.0;STABLE : Profil Ambassadeur (Prêt relais recommandé);FIDÉLISATION : Proposer extension de prêt
BEN-0196;Vallee du Bandama;Urbain;Femme;Services;437000;174800.0;187800;7.4;100.0;0;55.8;VULNÉRABLE : Renforcement capacités (Faible impact);FORMATION : Inscription module gestion
BEN-0197;Belier;Semi-urbain;Femme;Elevage;112000;96600.0;124000;28.4;70.4;1;44.7;SUIVI : Coaching gestion (Bon impact mais risqué);SUIVI : Coaching mensuel
BEN-0198;Marahoue;Rural;Homme;Agriculture;160000;278100.0;468700;68.5;98.2;1;46.0;SUIVI : Coaching gestion (Bon impact mais risqué);SUIVI : Coaching mensuel
BEN-0199;Belier;Rural;Homme;Services;352000;170700.0;232500;36.2;93.8;0;35.1;STABLE : Profil Ambassadeur (Prêt relais recommandé);FIDÉLISATION : Proposer extension de prêt
BEN-0200;Zanzan;Semi-urbain;Femme;Services;647000;79000.0;90900;15.1;100.0;0;37.9;STABLE : Profil Ambassadeur (Prêt relais recommandé);FIDÉLISATION : Proposer extension de prêt
BEN-0201;Marahoue;Urbain;Femme;Agriculture;180000;144600.0;195800;35.4;96.4;0;36.0;STABLE : Profil Ambassadeur (Prêt relais recommandé);FIDÉLISATION : Proposer extension de prêt
BEN-0202;Cavally;Urbain;Femme;Commerce;300000;238400.0;322000;35.1;95.7;1;43.4;SUIVI : Coaching gestion (Bon impact mais risqué);SUIVI : Coaching mensuel
BEN-0203;Zanzan;Semi-urbain;Femme;Services;113000;97500.0;108200;11.0;63.7;0;46.7;SUIVI : Coaching gestion (Bon impact mais risqué);SUIVI : Coaching mensuel
BEN-0204;Vallee du Bandama;Semi-urbain;Femme;Commerce;155000;89800.0;111500;24.2;87.6;0;43.2;SUIVI : Coaching gestion (Bon impact mais risqué);SUIVI : Coaching mensuel
BEN-0205;Cavally;Rural;Femme;Artisanat;555000;257100.0;325200;26.5;100.0;1;58.1;SUIVI : Coaching gestion (Bon impact mais risqué);SUIVI : Coaching mensuel
BEN-0206;Belier;Urbain;Femme;Agriculture;280000;354800.0;607900;71.3;93.9;0;36.6;STABLE : Profil Ambassadeur (Prêt relais recommandé);FIDÉLISATION : Proposer extension de prêt
BEN-0207;Cavally;Urbain;Femme;Artisanat;355000;263600.0;353600;34.1;100.0;1;52.4;SUIVI : Coaching gestion (Bon impact mais risqué);SUIVI : Coaching mensuel
BEN-0208;Zanzan;Semi-urbain;Femme;Commerce;272000;125900.0;128700;2.2;100.0;1;46.3;VULNÉRABLE : Renforcement capacités (Faible impact);FORMATION : Inscription module gestion
BEN-0209;Vallee du Bandama;Rural;Femme;Artisanat;616000;145400.0;156300;15.5;90.8;1;60.2;ALERTE : Tutorat obligatoire (Risque élevé);URGENT : Visite de contrôle sous 48h
BEN-0210;Marahoue;Rural;Homme;Commerce;232000;244300.0;205900;-15.7;90.9;0;36.4;STABLE : Profil Ambassadeur (Prêt relais recommandé);FIDÉLISATION : Proposer extension de prêt
BEN-0211;Vallee du Bandama;Rural;Femme;Agriculture;407000;100900.0;105500;4.6;74.9;0;48.5;VULNÉRABLE : Renforcement capacités (Faible impact);FORMATION : Inscription module gestion
BEN-0212;Zanzan;Urbain;Femme;Artisanat;482000;112700.0;154300;36.9;94.6;1;56.4;SUIVI : Coaching gestion (Bon impact mais risqué);SUIVI : Coaching mensuel
BEN-0213;Zanzan;Urbain;Homme;Agriculture;187000;473300.0;619700;30.9;89.4;1;49.1;SUIVI : Coaching gestion (Bon impact mais risqué);SUIVI : Coaching mensuel
BEN-0214;Zanzan;Rural;Homme;Artisanat;445000;105400.0;123300;17.0;78.0;1;64.2;ALERTE : Tutorat obligatoire (Risque élevé);URGENT : Visite de contrôle sous 48h
BEN-0215;Belier;Urbain;Femme;Elevage;114000;160800.0;153200;-4.7;81.3;1;37.5;STABLE : Profil Ambassadeur (Prêt relais recommandé);FIDÉLISATION : Proposer extension de prêt
BEN-0216;Marahoue;Rural;Femme;Elevage;709000;113400.0;115400;1.8;59.3;0;48.0;VULNÉRABLE : Renforcement capacités (Faible impact);FORMATION : Inscription module gestion
BEN-0217;Zanzan;Rural;Femme;Services;733000;148400.0;149000;0.4;88.3;1;52.3;VULNÉRABLE : Renforcement capacités (Faible impact);FORMATION : Inscription module gestion
BEN-0218;Cavally;Semi-urbain;Femme;Transformation;167000;126300.0;173100;37.1;96.9;0;38.4;STABLE : Profil Ambassadeur (Prêt relais recommandé);FIDÉLISATION : Proposer extension de prêt
BEN-0219;Vallee du Bandama;Rural;Femme;Commerce;159000;302700.0;250100;-17.4;86.2;1;56.0;VULNÉRABLE : Renforcement capacités (Faible impact);FORMATION : Inscription module gestion
BEN-0220;Marahoue;Urbain;Femme;Elevage;245000;107100.0;146200;36.5;74.0;0;30.5;STABLE : Profil Ambassadeur (Prêt relais recommandé);FIDÉLISATION : Proposer extension de prêt
BEN-0221;Zanzan;Rural;Femme;Services;349000;133200.0;189100;42.0;100.0;1;47.8;SUIVI : Coaching gestion (Bon impact mais risqué);SUIVI : Coaching mensuel
BEN-0222;Belier;Rural;Femme;Agriculture;343000;169300.0;185200;9.4;90.9;0;50.8;VULNÉRABLE : Renforcement capacités (Faible impact);FORMATION : Inscription module gestion
BEN-0223;Zanzan;Rural;Homme;Artisanat;318000;101000.0;101400;0.4;80.8;0;49.1;VULNÉRABLE : Renforcement capacités (Faible impact);FORMATION : Inscription module gestion
BEN-0224;Vallee du Bandama;Urbain;Femme;Services;277000;282300.0;348600;23.5;100.0;0;47.1;SUIVI : Coaching gestion (Bon impact mais risqué);SUIVI : Coaching mensuel
BEN-0225;Cavally;Semi-urbain;Femme;Commerce;167000;80400.0;133300;65.8;88.5;0;47.2;SUIVI : Coaching gestion (Bon impact mais risqué);SUIVI : Coaching mensuel
BEN-0226;Cavally;Urbain;Femme;Commerce;410000;320700.0;481300;50.1;99.4;1;54.9;SUIVI : Coaching gestion (Bon impact mais risqué);SUIVI : Coaching mensuel
BEN-0227;Belier;Urbain;Femme;Commerce;321000;202000.0;338200;67.4;78.5;1;52.3;SUIVI : Coaching gestion (Bon impact mais risqué);SUIVI : Coaching mensuel
BEN-0228;Belier;Rural;Homme;Agriculture;704000;75900.0;105200;38.6;52.9;1;55.5;SUIVI : Coaching gestion (Bon impact mais risqué);SUIVI : Coaching mensuel
BEN-0229;Belier;Rural;Femme;Agriculture;583000;228600.0;186300;-18.5;68.6;1;40.7;VULNÉRABLE : Renforcement capacités (Faible impact);FORMATION : Inscription module gestion
BEN-0230;Marahoue;Urbain;Femme;Transformation;126000;183800.0;272300;48.2;100.0;0;35.3;STABLE : Profil Ambassadeur (Prêt relais recommandé);FIDÉLISATION : Proposer extension de prêt
BEN-0231;Vallee du Bandama;Urbain;Femme;Artisanat;352000;185400.0;257800;39.1;100.0;0;43.5;SUIVI : Coaching gestion (Bon impact mais risqué);SUIVI : Coaching mensuel
BEN-0232;Zanzan;Urbain;Femme;Commerce;242000;369400.0;421600;14.1;88.1;1;60.4;ALERTE : Tutorat obligatoire (Risque élevé);URGENT : Visite de contrôle sous 48h
BEN-0233;Marahoue;Rural;Homme;Commerce;89000;80300.0;78800;-1.9;100.0;1;40.7;VULNÉRABLE : Renforcement capacités (Faible impact);FORMATION : Inscription module gestion
BEN-0234;Vallee du Bandama;Semi-urbain;Femme;Elevage;501000;130100.0;146700;12.8;100.0;0;31.7;STABLE : Profil Ambassadeur (Prêt relais recommandé);FIDÉLISATION : Proposer extension de prêt
BEN-0235;Marahoue;Urbain;Homme;Artisanat;487000;110400.0;128800;16.7;75.5;0;54.8;SUIVI : Coaching gestion (Bon impact mais risqué);SUIVI : Coaching mensuel
BEN-0236;Marahoue;Rural;Femme;Commerce;632000;58000.0;66700;15.0;94.9;0;48.2;SUIVI : Coaching gestion (Bon impact mais risqué);SUIVI : Coaching mensuel
BEN-0237;Zanzan;Urbain;Femme;Transformation;309000;270000.0;298800;10.7;83.6;0;60.7;ALERTE : Tutorat obligatoire (Risque élevé);URGENT : Visite de contrôle sous 48h
BEN-0238;Zanzan;Urbain;Femme;Elevage;90000;74000.0;86300;16.6;100.0;0;26.5;STABLE : Profil Ambassadeur (Prêt relais recommandé);FIDÉLISATION : Proposer extension de prêt
BEN-0239;Cavally;Rural;Homme;Artisanat;514000;163500.0;154300;-5.6;91.6;1;29.8;STABLE : Profil Ambassadeur (Prêt relais recommandé);FIDÉLISATION : Proposer extension de prêt
BEN-0240;Belier;Rural;Femme;Agriculture;443000;30400.0;30100;-1.0;82.6;0;42.5;VULNÉRABLE : Renforcement capacités (Faible impact);FORMATION : Inscription module gestion
BEN-0241;Cavally;Semi-urbain;Femme;Services;530000;206700.0;228100;10.4;69.9;1;69.8;ALERTE : Tutorat obligatoire (Risque élevé);URGENT : Visite de contrôle sous 48h
BEN-0242;Belier;Rural;Femme;Agriculture;85000;69800.0;67800;-2.9;93.4;1;46.7;VULNÉRABLE : Renforcement capacités (Faible impact);FORMATION : Inscription module gestion
BEN-0243;Marahoue;Rural;Homme;Agriculture;339000;87000.0;97000;11.5;90.8;1;57.6;SUIVI : Coaching gestion (Bon impact mais risqué);SUIVI : Coaching mensuel
BEN-0244;Belier;Semi-urbain;Homme;Artisanat;329000;271100.0;260400;-3.9;73.4;1;64.5;ALERTE : Tutorat obligatoire (Risque élevé);URGENT : Visite de contrôle sous 48h
BEN-0245;Zanzan;Rural;Femme;Services;701000;200000.0;256400;28.2;80.1;0;42.9;SUIVI : Coaching gestion (Bon impact mais risqué);SUIVI : Coaching mensuel
BEN-0246;Belier;Urbain;Homme;Artisanat;254000;206800.0;281100;35.9;100.0;1;49.7;SUIVI : Coaching gestion (Bon impact mais risqué);SUIVI : Coaching mensuel
BEN-0247;Zanzan;Rural;Femme;Services;307000;73600.0;80400;9.2;100.0;0;29.3;STABLE : Profil Ambassadeur (Prêt relais recommandé);FIDÉLISATION : Proposer extension de prêt
BEN-0248;Vallee du Bandama;Urbain;Femme;Commerce;1423000;183500.0;200100;9.0;81.2;1;71.3;ALERTE : Tutorat obligatoire (Risque élevé);URGENT : Visite de contrôle sous 48h
BEN-0249;Zanzan;Urbain;Homme;Transformation;585000;284100.0;332300;17.0;60.0;1;52.1;SUIVI : Coaching gestion (Bon impact mais risqué);SUIVI : Coaching mensuel
BEN-0250;Belier;Semi-urbain;Homme;Artisanat;332000;72500.0;90200;24.4;92.2;1;39.6;STABLE : Profil Ambassadeur (Prêt relais recommandé);FIDÉLISATION : Proposer extension de prêt
BEN-0251;Vallee du Bandama;Urbain;Femme;Agriculture;573000;222500.0;334500;50.3;84.4;1;57.5;SUIVI : Coaching gestion (Bon impact mais risqué);SUIVI : Coaching mensuel
BEN-0252;Vallee du Bandama;Semi-urbain;Femme;Commerce;350000;192500.0;272800;41.7;100.0;0;58.9;SUIVI : Coaching gestion (Bon impact mais risqué);SUIVI : Coaching mensuel
BEN-0253;Cavally;Semi-urbain;Femme;Agriculture;413000;137550.0;538600;38.0;100.0;0;35.7;STABLE : Profil Ambassadeur (Prêt relais recommandé);FIDÉLISATION : Proposer extension de prêt
BEN-0254;Marahoue;Semi-urbain;Homme;Services;276000;98000.0;135500;38.3;87.8;0;63.0;ALERTE : Tutorat obligatoire (Risque élevé);URGENT : Visite de contrôle sous 48h
BEN-0255;Zanzan;Urbain;Homme;Agriculture;92000;180400.0;270700;50.1;100.0;0;46.7;SUIVI : Coaching gestion (Bon impact mais risqué);SUIVI : Coaching mensuel
BEN-0256;Cavally;Rural;Homme;Artisanat;658000;150600.0;204100;35.5;63.7;0;67.1;ALERTE : Tutorat obligatoire (Risque élevé);URGENT : Visite de contrôle sous 48h
BEN-0257;Vallee du Bandama;Semi-urbain;Femme;Commerce;364000;69300.0;98500;42.1;96.3;0;47.4;SUIVI : Coaching gestion (Bon impact mais risqué);SUIVI : Coaching mensuel
BEN-0258;Belier;Rural;Homme;Services;173000;106000.0;93600;-11.7;91.5;1;41.4;VULNÉRABLE : Renforcement capacités (Faible impact);FORMATION : Inscription module gestion
BEN-0259;Marahoue;Rural;Femme;Commerce;285000;136200.0;107100;-21.4;100.0;1;56.1;VULNÉRABLE : Renforcement capacités (Faible impact);FORMATION : Inscription module gestion
BEN-0260;Belier;Semi-urbain;Femme;Commerce;401000;139000.0;130000;-6.5;86.2;0;22.9;STABLE : Profil Ambassadeur (Prêt relais recommandé);FIDÉLISATION : Proposer extension de prêt
BEN-0261;Zanzan;Urbain;Femme;Elevage;372000;147100.0;238800;62.3;100.0;0;42.4;SUIVI : Coaching gestion (Bon impact mais risqué);SUIVI : Coaching mensuel
BEN-0262;Cavally;Semi-urbain;Homme;Artisanat;404000;247800.0;316600;27.8;79.6;1;32.3;STABLE : Profil Ambassadeur (Prêt relais recommandé);FIDÉLISATION : Proposer extension de prêt
BEN-0263;Marahoue;Rural;Femme;Commerce;384000;196900.0;268000;36.1;89.3;0;59.9;SUIVI : Coaching gestion (Bon impact mais risqué);SUIVI : Coaching mensuel
BEN-0264;Marahoue;Urbain;Femme;Agriculture;143000;84900.0;126400;48.9;95.3;0;38.5;STABLE : Profil Ambassadeur (Prêt relais recommandé);FIDÉLISATION : Proposer extension de prêt
BEN-0265;Marahoue;Urbain;Femme;Elevage;296000;132400.0;145800;10.1;72.6;0;49.5;SUIVI : Coaching gestion (Bon impact mais risqué);SUIVI : Coaching mensuel
BEN-0266;Marahoue;Rural;Femme;Agriculture;371000;409500.0;573400;40.0;73.1;1;63.2;ALERTE : Tutorat obligatoire (Risque élevé);URGENT : Visite de contrôle sous 48h
BEN-0267;Zanzan;Urbain;Homme;Agriculture;425000;240100.0;307500;28.1;91.0;1;57.7;SUIVI : Coaching gestion (Bon impact mais risqué);SUIVI : Coaching mensuel
BEN-0268;Marahoue;Urbain;Homme;Artisanat;126000;152700.0;172800;13.2;89.7;0;24.0;STABLE : Profil Ambassadeur (Prêt relais recommandé);FIDÉLISATION : Proposer extension de prêt
BEN-0269;Marahoue;Urbain;Femme;Agriculture;220000;137600.0;192400;39.8;92.0;1;26.9;STABLE : Profil Ambassadeur (Prêt relais recommandé);FIDÉLISATION : Proposer extension de prêt
BEN-0270;Vallee du Bandama;Urbain;Femme;Commerce;208000;103900.0;139600;34.4;76.7;0;40.3;SUIVI : Coaching gestion (Bon impact mais risqué);SUIVI : Coaching mensuel
BEN-0271;Zanzan;Semi-urbain;Homme;Commerce;148000;250300.0;285900;14.2;85.7;1;59.4;SUIVI : Coaching gestion (Bon impact mais risqué);SUIVI : Coaching mensuel
BEN-0272;Marahoue;Rural;Homme;Services;402000;215900.0;243700;12.9;93.9;0;58.5;SUIVI : Coaching gestion (Bon impact mais risqué);SUIVI : Coaching mensuel
BEN-0273;Marahoue;Semi-urbain;Femme;Elevage;694000;139200.0;152500;9.6;81.1;0;58.3;VULNÉRABLE : Renforcement capacités (Faible impact);FORMATION : Inscription module gestion
BEN-0274;Zanzan;Rural;Femme;Transformation;328000;148600.0;224900;51.3;70.4;1;69.3;ALERTE : Tutorat obligatoire (Risque élevé);URGENT : Visite de contrôle sous 48h
BEN-0275;Vallee du Bandama;Rural;Homme;Agriculture;559000;246300.0;276700;12.3;45.9;1;59.3;SUIVI : Coaching gestion (Bon impact mais risqué);SUIVI : Coaching mensuel
BEN-0276;Vallee du Bandama;Semi-urbain;Homme;Artisanat;487000;109100.0;142800;30.9;76.7;0;25.3;STABLE : Profil Ambassadeur (Prêt relais recommandé);FIDÉLISATION : Proposer extension de prêt
BEN-0277;Cavally;Semi-urbain;Femme;Artisanat;276000;177500.0;230200;29.7;78.3;0;53.8;SUIVI : Coaching gestion (Bon impact mais risqué);SUIVI : Coaching mensuel
BEN-0278;Vallee du Bandama;Rural;Homme;Agriculture;63000;137550.0;154800;8.7;74.8;0;53.7;VULNÉRABLE : Renforcement capacités (Faible impact);FORMATION : Inscription module gestion
BEN-0279;Zanzan;Rural;Femme;Agriculture;287000;203800.0;365100;79.1;96.0;0;25.5;STABLE : Profil Ambassadeur (Prêt relais recommandé);FIDÉLISATION : Proposer extension de prêt
BEN-0280;Zanzan;Semi-urbain;Femme;Commerce;425000;51800.0;81200;56.8;49.0;1;32.4;STABLE : Profil Ambassadeur (Prêt relais recommandé);FIDÉLISATION : Proposer extension de prêt
BEN-0281;Cavally;Semi-urbain;Femme;Elevage;230000;212100.0;232800;9.8;87.1;1;41.9;VULNÉRABLE : Renforcement capacités (Faible impact);FORMATION : Inscription module gestion
BEN-0282;Marahoue;Rural;Homme;Artisanat;187000;184700.0;186100;0.8;100.0;0;39.1;STABLE : Profil Ambassadeur (Prêt relais recommandé);FIDÉLISATION : Proposer extension de prêt
BEN-0283;Vallee du Bandama;Semi-urbain;Femme;Commerce;212000;132000.0;163300;23.7;98.6;1;25.0;STABLE : Profil Ambassadeur (Prêt relais recommandé);FIDÉLISATION : Proposer extension de prêt
BEN-0284;Belier;Urbain;Femme;Agriculture;87000;162400.0;211000;29.9;100.0;0;45.4;SUIVI : Coaching gestion (Bon impact mais risqué);SUIVI : Coaching mensuel
BEN-0285;Vallee du Bandama;Rural;Homme;Commerce;161000;70700.0;106900;51.2;100.0;0;33.7;STABLE : Profil Ambassadeur (Prêt relais recommandé);FIDÉLISATION : Proposer extension de prêt
BEN-0286;Marahoue;Urbain;Femme;Commerce;580000;159400.0;244600;53.5;74.4;1;44.5;SUIVI : Coaching gestion (Bon impact mais risqué);SUIVI : Coaching mensuel
BEN-0287;Vallee du Bandama;Rural;Femme;Transformation;148000;307700.0;390700;27.0;90.8;1;77.7;ALERTE : Tutorat obligatoire (Risque élevé);URGENT : Visite de contrôle sous 48h
BEN-0288;Vallee du Bandama;Urbain;Homme;Agriculture;353000;272600.0;329500;20.9;100.0;1;49.5;SUIVI : Coaching gestion (Bon impact mais risqué);SUIVI : Coaching mensuel
BEN-0289;Cavally;Rural;Femme;Agriculture;163000;118900.0;140500;18.2;93.6;0;35.8;STABLE : Profil Ambassadeur (Prêt relais recommandé);FIDÉLISATION : Proposer extension de prêt
BEN-0290;Vallee du Bandama;Rural;Femme;Agriculture;297000;88000.0;87800;-0.2;90.3;0;48.1;VULNÉRABLE : Renforcement capacités (Faible impact);FORMATION : Inscription module gestion
BEN-0291;Vallee du Bandama;Urbain;Femme;Commerce;409000;138700.0;150300;8.4;68.8;0;47.4;VULNÉRABLE : Renforcement capacités (Faible impact);FORMATION : Inscription module gestion
BEN-0292;Zanzan;Rural;Femme;Agriculture;202000;263400.0;307100;16.6;97.2;0;40.7;SUIVI : Coaching gestion (Bon impact mais risqué);SUIVI : Coaching mensuel
BEN-0293;Zanzan;Urbain;Femme;Artisanat;241000;105000.0;114300;8.9;100.0;0;20.6;STABLE : Profil Ambassadeur (Prêt relais recommandé);FIDÉLISATION : Proposer extension de prêt
BEN-0294;Zanzan;Rural;Homme;Agriculture;324000;142400.0;196600;38.1;91.6;0;41.2;SUIVI : Coaching gestion (Bon impact mais risqué);SUIVI : Coaching mensuel
BEN-0295;Vallee du Bandama;Urbain;Femme;Transformation;361000;212500.0;212700;0.1;85.8;1;66.6;ALERTE : Tutorat obligatoire (Risque élevé);URGENT : Visite de contrôle sous 48h
BEN-0296;Vallee du Bandama;Urbain;Homme;Commerce;135000;115900.0;127100;9.7;69.0;0;26.5;STABLE : Profil Ambassadeur (Prêt relais recommandé);FIDÉLISATION : Proposer extension de prêt
BEN-0297;Belier;Urbain;Femme;Artisanat;957000;262800.0;320200;21.8;100.0;1;69.5;ALERTE : Tutorat obligatoire (Risque élevé);URGENT : Visite de contrôle sous 48h
BEN-0298;Vallee du Bandama;Urbain;Femme;Elevage;211000;183800.0;173600;-5.5;100.0;0;36.5;STABLE : Profil Ambassadeur (Prêt relais recommandé);FIDÉLISATION : Proposer extension de prêt
BEN-0299;Belier;Rural;Femme;Commerce;490000;160400.0;205600;28.2;100.0;0;58.8;SUIVI : Coaching gestion (Bon impact mais risqué);SUIVI : Coaching mensuel
BEN-0300;Zanzan;Urbain;Homme;Transformation;67000;100500.0;156700;55.9;100.0;1;60.3;ALERTE : Tutorat obligatoire (Risque élevé);URGENT : Visite de contrôle sous 48h
BEN-0301;Zanzan;Rural;Femme;Services;76000;141900.0;120800;-14.9;76.5;1;34.8;STABLE : Profil Ambassadeur (Prêt relais recommandé);FIDÉLISATION : Proposer extension de prêt
BEN-0302;Cavally;Semi-urbain;Femme;Transformation;249000;133000.0;198600;49.3;82.7;1;64.7;ALERTE : Tutorat obligatoire (Risque élevé);URGENT : Visite de contrôle sous 48h
BEN-0303;Zanzan;Urbain;Homme;Agriculture;377000;283300.0;347400;22.6;93.0;0;37.7;STABLE : Profil Ambassadeur (Prêt relais recommandé);FIDÉLISATION : Proposer extension de prêt
BEN-0304;Cavally;Semi-urbain;Femme;Agriculture;264000;401400.0;480700;19.8;93.8;0;58.7;SUIVI : Coaching gestion (Bon impact mais risqué);SUIVI : Coaching mensuel
BEN-0305;Belier;Semi-urbain;Homme;Elevage;233000;95900.0;114100;19.0;84.7;1;37.3;STABLE : Profil Ambassadeur (Prêt relais recommandé);FIDÉLISATION : Proposer extension de prêt
BEN-0306;Belier;Urbain;Femme;Agriculture;73000;129400.0;172600;33.4;89.3;1;50.6;SUIVI : Coaching gestion (Bon impact mais risqué);SUIVI : Coaching mensuel
BEN-0307;Vallee du Bandama;Rural;Femme;Artisanat;356000;121300.0;98700;-18.6;65.8;0;50.2;VULNÉRABLE : Renforcement capacités (Faible impact);FORMATION : Inscription module gestion
BEN-0308;Belier;Urbain;Homme;Commerce;288000;152700.0;167200;9.5;82.3;0;29.7;STABLE : Profil Ambassadeur (Prêt relais recommandé);FIDÉLISATION : Proposer extension de prêt
BEN-0309;Cavally;Rural;Femme;Transformation;180000;132300.0;164300;24.2;64.2;1;54.2;SUIVI : Coaching gestion (Bon impact mais risqué);SUIVI : Coaching mensuel
BEN-0310;Zanzan;Urbain;Femme;Commerce;238000;120500.0;187500;55.6;85.7;0;17.2;STABLE : Profil Ambassadeur (Prêt relais recommandé);FIDÉLISATION : Proposer extension de prêt
BEN-0311;Cavally;Rural;Homme;Services;476000;197400.0;198200;0.4;78.3;0;53.5;VULNÉRABLE : Renforcement capacités (Faible impact);FORMATION : Inscription module gestion
BEN-0312;Zanzan;Rural;Homme;Commerce;136000;270400.0;293300;8.5;93.6;1;26.5;STABLE : Profil Ambassadeur (Prêt relais recommandé);FIDÉLISATION : Proposer extension de prêt
BEN-0313;Zanzan;Rural;Homme;Artisanat;272000;157000.0;233700;48.9;100.0;0;45.1;SUIVI : Coaching gestion (Bon impact mais risqué);SUIVI : Coaching mensuel
BEN-0314;Cavally;Rural;Femme;Commerce;884000;89700.0;122400;36.5;59.4;0;58.6;SUIVI : Coaching gestion (Bon impact mais risqué);SUIVI : Coaching mensuel
BEN-0315;Marahoue;Semi-urbain;Femme;Agriculture;588000;119500.0;132000;10.5;84.9;1;59.9;SUIVI : Coaching gestion (Bon impact mais risqué);SUIVI : Coaching mensuel
BEN-0316;Vallee du Bandama;Rural;Femme;Agriculture;426000;86600.0;102000;17.8;100.0;0;27.3;STABLE : Profil Ambassadeur (Prêt relais recommandé);FIDÉLISATION : Proposer extension de prêt
BEN-0317;Belier;Urbain;Homme;Commerce;224000;162500.0;218700;34.6;89.5;1;40.9;SUIVI : Coaching gestion (Bon impact mais risqué);SUIVI : Coaching mensuel
BEN-0318;Belier;Rural;Femme;Commerce;668000;169000.0;239900;42.0;97.2;0;30.3;STABLE : Profil Ambassadeur (Prêt relais recommandé);FIDÉLISATION : Proposer extension de prêt
BEN-0319;Vallee du Bandama;Urbain;Femme;Commerce;114000;221500.0;227500;2.7;65.6;0;42.5;VULNÉRABLE : Renforcement capacités (Faible impact);FORMATION : Inscription module gestion
BEN-0320;Vallee du Bandama;Rural;Homme;Agriculture;292000;102900.0;124100;20.6;77.1;1;40.4;SUIVI : Coaching gestion (Bon impact mais risqué);SUIVI : Coaching mensuel
BEN-0321;Marahoue;Rural;Femme;Agriculture;190000;71000.0;65600;-7.6;90.8;1;41.0;VULNÉRABLE : Renforcement capacités (Faible impact);FORMATION : Inscription module gestion
BEN-0322;Marahoue;Rural;Femme;Commerce;193000;262000.0;340900;30.1;57.0;1;33.7;STABLE : Profil Ambassadeur (Prêt relais recommandé);FIDÉLISATION : Proposer extension de prêt
BEN-0323;Marahoue;Rural;Femme;Artisanat;72000;163000.0;184000;12.9;90.8;0;36.3;STABLE : Profil Ambassadeur (Prêt relais recommandé);FIDÉLISATION : Proposer extension de prêt
BEN-0324;Vallee du Bandama;Rural;Femme;Artisanat;598000;598600.0;590500;-1.4;100.0;0;65.4;ALERTE : Tutorat obligatoire (Risque élevé);URGENT : Visite de contrôle sous 48h
BEN-0325;Vallee du Bandama;Urbain;Femme;Services;379000;181600.0;180600;-0.6;82.3;0;33.8;STABLE : Profil Ambassadeur (Prêt relais recommandé);FIDÉLISATION : Proposer extension de prêt
BEN-0326;Belier;Semi-urbain;Homme;Agriculture;364000;329600.0;443100;34.4;100.0;0;54.5;SUIVI : Coaching gestion (Bon impact mais risqué);SUIVI : Coaching mensuel
BEN-0327;Zanzan;Urbain;Femme;Artisanat;474000;342900.0;461700;34.6;87.8;0;65.2;ALERTE : Tutorat obligatoire (Risque élevé);URGENT : Visite de contrôle sous 48h
BEN-0328;Cavally;Rural;Homme;Agriculture;727000;149200.0;190600;27.7;100.0;1;39.0;STABLE : Profil Ambassadeur (Prêt relais recommandé);FIDÉLISATION : Proposer extension de prêt
BEN-0329;Zanzan;Semi-urbain;Femme;Agriculture;627000;74900.0;89700;19.8;100.0;1;50.7;SUIVI : Coaching gestion (Bon impact mais risqué);SUIVI : Coaching mensuel
BEN-0330;Belier;Rural;Homme;Services;174000;178800.0;189900;6.2;91.6;1;52.0;VULNÉRABLE : Renforcement capacités (Faible impact);FORMATION : Inscription module gestion
BEN-0331;Vallee du Bandama;Rural;Homme;Agriculture;378000;207000.0;223000;7.7;96.7;0;65.8;ALERTE : Tutorat obligatoire (Risque élevé);URGENT : Visite de contrôle sous 48h
BEN-0332;Zanzan;Urbain;Homme;Commerce;357000;234000.0;365000;56.0;70.3;0;44.8;SUIVI : Coaching gestion (Bon impact mais risqué);SUIVI : Coaching mensuel
BEN-0333;Belier;Urbain;Homme;Commerce;34000;112000.0;110400;-1.4;100.0;0;44.0;VULNÉRABLE : Renforcement capacités (Faible impact);FORMATION : Inscription module gestion
BEN-0334;Vallee du Bandama;Urbain;Femme;Services;82000;115300.0;142400;23.5;100.0;1;40.2;SUIVI : Coaching gestion (Bon impact mais risqué);SUIVI : Coaching mensuel
BEN-0335;Marahoue;Urbain;Femme;Transformation;684000;94800.0;93500;-1.4;100.0;1;58.6;VULNÉRABLE : Renforcement capacités (Faible impact);FORMATION : Inscription module gestion
BEN-0336;Vallee du Bandama;Urbain;Femme;Transformation;269000;254600.0;339500;33.3;100.0;0;64.2;ALERTE : Tutorat obligatoire (Risque élevé);URGENT : Visite de contrôle sous 48h
BEN-0337;Belier;Urbain;Femme;Artisanat;265000;88800.0;114400;28.8;56.3;1;44.4;SUIVI : Coaching gestion (Bon impact mais risqué);SUIVI : Coaching mensuel
BEN-0338;Marahoue;Rural;Femme;Elevage;168000;165600.0;137500;-17.0;64.4;1;48.9;VULNÉRABLE : Renforcement capacités (Faible impact);FORMATION : Inscription module gestion
BEN-0339;Marahoue;Urbain;Femme;Agriculture;236000;87600.0;96600;10.3;96.4;1;43.2;SUIVI : Coaching gestion (Bon impact mais risqué);SUIVI : Coaching mensuel
BEN-0340;Zanzan;Urbain;Homme;Artisanat;125000;168300.0;211700;25.8;100.0;0;23.8;STABLE : Profil Ambassadeur (Prêt relais recommandé);FIDÉLISATION : Proposer extension de prêt
BEN-0341;Vallee du Bandama;Rural;Femme;Commerce;127000;58600.0;64500;10.1;91.6;0;44.9;SUIVI : Coaching gestion (Bon impact mais risqué);SUIVI : Coaching mensuel
BEN-0342;Marahoue;Urbain;Femme;Agriculture;301000;107600.0;160000;48.7;76.6;1;56.0;SUIVI : Coaching gestion (Bon impact mais risqué);SUIVI : Coaching mensuel
BEN-0343;Belier;Rural;Femme;Artisanat;230000;124900.0;190100;52.2;80.5;0;25.5;STABLE : Profil Ambassadeur (Prêt relais recommandé);FIDÉLISATION : Proposer extension de prêt
BEN-0344;Belier;Rural;Femme;Agriculture;176000;97700.0;132900;36.0;81.6;0;44.2;SUIVI : Coaching gestion (Bon impact mais risqué);SUIVI : Coaching mensuel
BEN-0345;Belier;Urbain;Femme;Services;449000;386100.0;445800;15.5;100.0;1;68.1;ALERTE : Tutorat obligatoire (Risque élevé);URGENT : Visite de contrôle sous 48h
BEN-0346;Belier;Rural;Femme;Artisanat;373000;74600.0;96500;29.4;90.3;1;27.3;STABLE : Profil Ambassadeur (Prêt relais recommandé);FIDÉLISATION : Proposer extension de prêt
BEN-0347;Marahoue;Semi-urbain;Homme;Services;87000;233700.0;349900;49.7;90.8;1;49.4;SUIVI : Coaching gestion (Bon impact mais risqué);SUIVI : Coaching mensuel
BEN-0348;Marahoue;Rural;Homme;Agriculture;191000;221700.0;282100;27.2;66.2;0;58.8;SUIVI : Coaching gestion (Bon impact mais risqué);SUIVI : Coaching mensuel
BEN-0349;Vallee du Bandama;Rural;Homme;Agriculture;63000;304900.0;406500;33.3;82.3;1;63.4;ALERTE : Tutorat obligatoire (Risque élevé);URGENT : Visite de contrôle sous 48h
BEN-0350;Belier;Semi-urbain;Femme;Commerce;408000;164700.0;237600;44.3;74.8;0;46.0;SUIVI : Coaching gestion (Bon impact mais risqué);SUIVI : Coaching mensuel
BEN-0351;Belier;Urbain;Femme;Commerce;151000;163400.0;255100;36.5;84.4;0;54.0;SUIVI : Coaching gestion (Bon impact mais risqué);SUIVI : Coaching mensuel
BEN-0352;Vallee du Bandama;Rural;Homme;Commerce;607000;362800.0;484800;33.6;73.1;0;53.0;SUIVI : Coaching gestion (Bon impact mais risqué);SUIVI : Coaching mensuel
BEN-0353;Belier;Urbain;Homme;Services;333000;196000.0;265300;35.4;100.0;0;28.9;STABLE : Profil Ambassadeur (Prêt relais recommandé);FIDÉLISATION : Proposer extension de prêt
BEN-0354;Vallee du Bandama;Rural;Homme;Artisanat;337000;135400.0;135500;0.1;59.7;0;48.5;VULNÉRABLE : Renforcement capacités (Faible impact);FORMATION : Inscription module gestion
BEN-0355;Vallee du Bandama;Semi-urbain;Femme;Agriculture;529000;141500.0;161100;13.9;82.4;1;54.1;SUIVI : Coaching gestion (Bon impact mais risqué);SUIVI : Coaching mensuel
BEN-0356;Cavally;Rural;Femme;Commerce;83000;164300.0;187900;14.4;89.9;0;46.6;SUIVI : Coaching gestion (Bon impact mais risqué);SUIVI : Coaching mensuel
BEN-0357;Belier;Urbain;Homme;Commerce;297000;228900.0;235700;3.0;100.0;1;56.6;VULNÉRABLE : Renforcement capacités (Faible impact);FORMATION : Inscription module gestion
BEN-0358;Zanzan;Semi-urbain;Homme;Elevage;703000;267200.0;345400;29.3;100.0;0;45.4;SUIVI : Coaching gestion (Bon impact mais risqué);SUIVI : Coaching mensuel
BEN-0359;Belier;Semi-urbain;Femme;Agriculture;358000;102600.0;128800;25.5;63.0;0;47.4;SUIVI : Coaching gestion (Bon impact mais risqué);SUIVI : Coaching mensuel
BEN-0360;Vallee du Bandama;Semi-urbain;Homme;Transformation;216000;140500.0;181100;28.9;95.9;1;63.2;ALERTE : Tutorat obligatoire (Risque élevé);URGENT : Visite de contrôle sous 48h
BEN-0361;Vallee du Bandama;Urbain;Femme;Commerce;796000;381800.0;314300;-17.7;99.5;0;74.6;ALERTE : Tutorat obligatoire (Risque élevé);URGENT : Visite de contrôle sous 48h
BEN-0362;Marahoue;Semi-urbain;Femme;Artisanat;267000;42400.0;38000;-10.4;100.0;0;38.4;STABLE : Profil Ambassadeur (Prêt relais recommandé);FIDÉLISATION : Proposer extension de prêt
BEN-0363;Marahoue;Urbain;Femme;Transformation;197000;102100.0;120800;18.3;100.0;0;35.7;STABLE : Profil Ambassadeur (Prêt relais recommandé);FIDÉLISATION : Proposer extension de prêt
BEN-0364;Zanzan;Urbain;Femme;Commerce;216000;163400.0;230100;35.3;88.2;0;43.8;SUIVI : Coaching gestion (Bon impact mais risqué);SUIVI : Coaching mensuel
BEN-0365;Cavally;Semi-urbain;Homme;Commerce;332000;267300.0;315900;18.2;100.0;0;35.8;STABLE : Profil Ambassadeur (Prêt relais recommandé);FIDÉLISATION : Proposer extension de prêt
BEN-0366;Vallee du Bandama;Semi-urbain;Homme;Agriculture;258000;137550.0;223800;27.1;100.0;0;46.5;SUIVI : Coaching gestion (Bon impact mais risqué);SUIVI : Coaching mensuel
BEN-0367;Marahoue;Rural;Femme;Commerce;214000;280200.0;348400;24.3;86.4;1;60.8;ALERTE : Tutorat obligatoire (Risque élevé);URGENT : Visite de contrôle sous 48h
BEN-0368;Marahoue;Semi-urbain;Homme;Services;141000;122700.0;122200;-0.4;76.9;0;45.9;VULNÉRABLE : Renforcement capacités (Faible impact);FORMATION : Inscription module gestion
BEN-0369;Marahoue;Semi-urbain;Femme;Services;76000;85000.0;97800;15.1;95.0;0;38.6;STABLE : Profil Ambassadeur (Prêt relais recommandé);FIDÉLISATION : Proposer extension de prêt
BEN-0370;Zanzan;Semi-urbain;Homme;Transformation;314000;174500.0;278900;59.8;95.4;1;67.4;ALERTE : Tutorat obligatoire (Risque élevé);URGENT : Visite de contrôle sous 48h
BEN-0371;Cavally;Rural;Femme;Services;669000;155800.0;203500;30.6;100.0;1;68.4;ALERTE : Tutorat obligatoire (Risque élevé);URGENT : Visite de contrôle sous 48h
BEN-0372;Cavally;Urbain;Femme;Services;264000;203400.0;280600;38.0;99.5;0;32.8;STABLE : Profil Ambassadeur (Prêt relais recommandé);FIDÉLISATION : Proposer extension de prêt
BEN-0373;Belier;Rural;Femme;Services;197000;60200.0;63500;5.5;80.8;1;53.8;VULNÉRABLE : Renforcement capacités (Faible impact);FORMATION : Inscription module gestion
BEN-0374;Vallee du Bandama;Urbain;Femme;Artisanat;290000;145400.0;123500;48.4;100.0;1;29.3;STABLE : Profil Ambassadeur (Prêt relais recommandé);FIDÉLISATION : Proposer extension de prêt
BEN-0375;Belier;Rural;Femme;Services;515000;150100.0;151600;1.0;94.8;1;64.9;ALERTE : Tutorat obligatoire (Risque élevé);URGENT : Visite de contrôle sous 48h
BEN-0376;Vallee du Bandama;Urbain;Homme;Artisanat;594000;403400.0;668200;65.6;89.6;1;64.7;ALERTE : Tutorat obligatoire (Risque élevé);URGENT : Visite de contrôle sous 48h
BEN-0377;Vallee du Bandama;Rural;Homme;Services;417000;144900.0;111000;-23.4;88.6;1;57.9;VULNÉRABLE : Renforcement capacités (Faible impact);FORMATION : Inscription module gestion
BEN-0378;Marahoue;Rural;Homme;Commerce;310000;247300.0;273400;10.6;85.1;0;65.9;ALERTE : Tutorat obligatoire (Risque élevé);URGENT : Visite de contrôle sous 48h
BEN-0379;Marahoue;Semi-urbain;Homme;Services;230000;183100.0;251500;37.4;91.4;1;39.7;STABLE : Profil Ambassadeur (Prêt relais recommandé);FIDÉLISATION : Proposer extension de prêt
BEN-0380;Zanzan;Rural;Homme;Elevage;363000;106600.0;130300;22.2;90.8;0;30.4;STABLE : Profil Ambassadeur (Prêt relais recommandé);FIDÉLISATION : Proposer extension de prêt
BEN-0381;Vallee du Bandama;Rural;Femme;Agriculture;359000;285900.0;221800;-22.4;52.0;0;57.9;VULNÉRABLE : Renforcement capacités (Faible impact);FORMATION : Inscription module gestion
BEN-0382;Cavally;Rural;Homme;Transformation;280000;136900.0;198400;44.9;61.4;1;73.8;ALERTE : Tutorat obligatoire (Risque élevé);URGENT : Visite de contrôle sous 48h
BEN-0383;Zanzan;Urbain;Femme;Agriculture;161000;93900.0;84900;-9.6;93.4;0;33.0;STABLE : Profil Ambassadeur (Prêt relais recommandé);FIDÉLISATION : Proposer extension de prêt
BEN-0384;Zanzan;Rural;Femme;Artisanat;222000;91800.0;105500;14.9;78.5;1;24.7;STABLE : Profil Ambassadeur (Prêt relais recommandé);FIDÉLISATION : Proposer extension de prêt
BEN-0385;Vallee du Bandama;Rural;Femme;Transformation;179000;294600.0;393700;33.6;100.0;0;71.8;ALERTE : Tutorat obligatoire (Risque élevé);URGENT : Visite de contrôle sous 48h
BEN-0386;Vallee du Bandama;Urbain;Femme;Artisanat;255000;90100.0;114200;26.7;100.0;1;48.0;SUIVI : Coaching gestion (Bon impact mais risqué);SUIVI : Coaching mensuel
BEN-0387;Belier;Rural;Femme;Elevage;189000;77100.0;95700;24.1;98.6;0;25.9;STABLE : Profil Ambassadeur (Prêt relais recommandé);FIDÉLISATION : Proposer extension de prêt
BEN-0388;Vallee du Bandama;Urbain;Femme;Agriculture;1500000;101800.0;107800;5.9;88.3;1;71.3;ALERTE : Tutorat obligatoire (Risque élevé);URGENT : Visite de contrôle sous 48h
BEN-0389;Belier;Rural;Homme;Artisanat;59000;125700.0;163600;30.2;93.9;0;54.3;SUIVI : Coaching gestion (Bon impact mais risqué);SUIVI : Coaching mensuel
BEN-0390;Marahoue;Urbain;Homme;Artisanat;475000;147200.0;186500;26.7;74.7;0;35.0;STABLE : Profil Ambassadeur (Prêt relais recommandé);FIDÉLISATION : Proposer extension de prêt
BEN-0391;Vallee du Bandama;Rural;Homme;Elevage;601000;322900.0;408800;26.6;100.0;0;53.3;SUIVI : Coaching gestion (Bon impact mais risqué);SUIVI : Coaching mensuel
BEN-0392;Belier;Urbain;Homme;Services;311000;211100.0;245400;16.2;100.0;1;58.1;SUIVI : Coaching gestion (Bon impact mais risqué);SUIVI : Coaching mensuel
BEN-0393;Vallee du Bandama;Rural;Homme;Agriculture;705000;106400.0;129500;21.7;75.5;1;60.0;ALERTE : Tutorat obligatoire (Risque élevé);URGENT : Visite de contrôle sous 48h
BEN-0394;Zanzan;Rural;Homme;Commerce;190000;71000.0;85100;19.9;90.8;1;31.0;STABLE : Profil Ambassadeur (Prêt relais recommandé);FIDÉLISATION : Proposer extension de prêt
BEN-0395;Belier;Rural;Femme;Commerce;143000;295800.0;312700;5.7;88.3;0;40.8;VULNÉRABLE : Renforcement capacités (Faible impact);FORMATION : Inscription module gestion
BEN-0396;Vallee du Bandama;Semi-urbain;Femme;Artisanat;86000;73200.0;86700;18.4;100.0;0;30.0;STABLE : Profil Ambassadeur (Prêt relais recommandé);FIDÉLISATION : Proposer extension de prêt
BEN-0397;Marahoue;Rural;Homme;Commerce;162000;69000.0;76700;11.2;100.0;0;23.1;STABLE : Profil Ambassadeur (Prêt relais recommandé);FIDÉLISATION : Proposer extension de prêt
BEN-0398;Vallee du Bandama;Rural;Femme;Agriculture;154000;109400.0;138200;26.3;90.8;0;33.4;STABLE : Profil Ambassadeur (Prêt relais recommandé);FIDÉLISATION : Proposer extension de prêt
BEN-0399;Zanzan;Semi-urbain;Femme;Services;289000;181500.0;249300;37.4;100.0;0;42.0;SUIVI : Coaching gestion (Bon impact mais risqué);SUIVI : Coaching mensuel
BEN-0400;Belier;Urbain;Femme;Transformation;338000;79300.0;100800;27.1;68.7;1;53.3;SUIVI : Coaching gestion (Bon impact mais risqué);SUIVI : Coaching mensuel
